Changes made at Sat Aug  9 05:58:18 UTC 2025
Changes made at Thu Nov 20 13:38:01 UTC 2025
Changes made at Thu Nov 20 14:16:42 UTC 2025
Changes made at Thu Nov 20 16:20:53 UTC 2025
Changes made at Fri Nov 21 08:22:55 UTC 2025
Changes made at Fri Nov 21 10:17:25 UTC 2025
Changes made at Fri Nov 21 14:15:56 UTC 2025
Changes made at Fri Nov 21 16:20:17 UTC 2025
Changes made at Sat Nov 22 08:19:40 UTC 2025
Changes made at Sat Nov 22 10:15:35 UTC 2025
Changes made at Sat Nov 22 14:13:13 UTC 2025
Changes made at Sat Nov 22 16:18:03 UTC 2025
Changes made at Sun Nov 23 08:19:55 UTC 2025
Changes made at Sun Nov 23 10:15:18 UTC 2025
Changes made at Sun Nov 23 14:13:29 UTC 2025
Changes made at Sun Nov 23 16:18:13 UTC 2025
Changes made at Mon Nov 24 08:23:55 UTC 2025
Changes made at Mon Nov 24 10:19:03 UTC 2025
Changes made at Mon Nov 24 14:16:53 UTC 2025
Changes made at Mon Nov 24 16:18:47 UTC 2025
Changes made at Tue Nov 25 08:22:59 UTC 2025
Changes made at Tue Nov 25 10:19:29 UTC 2025
Changes made at Tue Nov 25 14:16:58 UTC 2025
Changes made at Tue Nov 25 16:22:03 UTC 2025
Changes made at Wed Nov 26 08:22:29 UTC 2025
Changes made at Wed Nov 26 10:18:46 UTC 2025
Changes made at Wed Nov 26 14:17:34 UTC 2025
Changes made at Wed Nov 26 16:20:48 UTC 2025
Changes made at Thu Nov 27 08:23:29 UTC 2025
Changes made at Thu Nov 27 10:18:20 UTC 2025
Changes made at Thu Nov 27 14:16:39 UTC 2025
Changes made at Thu Nov 27 16:20:14 UTC 2025
Changes made at Fri Nov 28 08:22:53 UTC 2025
Changes made at Fri Nov 28 10:18:21 UTC 2025
Changes made at Fri Nov 28 14:16:32 UTC 2025
Changes made at Fri Nov 28 16:20:25 UTC 2025
Changes made at Sat Nov 29 08:20:35 UTC 2025
Changes made at Sat Nov 29 10:16:00 UTC 2025
Changes made at Sat Nov 29 14:14:07 UTC 2025
Changes made at Sat Nov 29 16:18:49 UTC 2025
Changes made at Sun Nov 30 08:19:34 UTC 2025
Changes made at Sun Nov 30 10:15:51 UTC 2025
Changes made at Sun Nov 30 14:14:11 UTC 2025
Changes made at Sun Nov 30 16:18:42 UTC 2025
Changes made at Mon Dec  1 08:26:19 UTC 2025
Changes made at Mon Dec  1 10:19:53 UTC 2025
Changes made at Mon Dec  1 14:17:54 UTC 2025
Changes made at Mon Dec  1 16:23:26 UTC 2025
Changes made at Tue Dec  2 08:24:14 UTC 2025
Changes made at Tue Dec  2 10:19:00 UTC 2025
Changes made at Tue Dec  2 14:18:01 UTC 2025
Changes made at Tue Dec  2 16:22:44 UTC 2025
Changes made at Wed Dec  3 08:23:22 UTC 2025
Changes made at Wed Dec  3 10:19:47 UTC 2025
Changes made at Wed Dec  3 14:17:16 UTC 2025
Changes made at Wed Dec  3 16:23:51 UTC 2025
Changes made at Thu Dec  4 08:23:57 UTC 2025
Changes made at Thu Dec  4 10:19:48 UTC 2025
Changes made at Thu Dec  4 14:17:45 UTC 2025
Changes made at Thu Dec  4 16:23:54 UTC 2025
Changes made at Fri Dec  5 08:22:39 UTC 2025
Changes made at Fri Dec  5 10:18:05 UTC 2025
Changes made at Fri Dec  5 14:17:18 UTC 2025
Changes made at Fri Dec  5 16:21:15 UTC 2025
Changes made at Sat Dec  6 08:20:14 UTC 2025
Changes made at Sat Dec  6 10:15:41 UTC 2025
Changes made at Sat Dec  6 14:13:42 UTC 2025
Changes made at Sat Dec  6 16:18:34 UTC 2025
Changes made at Sun Dec  7 08:19:41 UTC 2025
Changes made at Sun Dec  7 10:15:04 UTC 2025
Changes made at Sun Dec  7 14:14:11 UTC 2025
Changes made at Sun Dec  7 16:18:07 UTC 2025
Changes made at Mon Dec  8 08:26:14 UTC 2025
Changes made at Mon Dec  8 10:19:09 UTC 2025
Changes made at Mon Dec  8 14:17:54 UTC 2025
Changes made at Mon Dec  8 16:22:27 UTC 2025
Changes made at Tue Dec  9 08:24:52 UTC 2025
Changes made at Tue Dec  9 10:20:10 UTC 2025
Changes made at Tue Dec  9 14:18:33 UTC 2025
Changes made at Tue Dec  9 16:22:43 UTC 2025
Changes made at Wed Dec 10 08:23:40 UTC 2025
Changes made at Wed Dec 10 10:19:35 UTC 2025
Changes made at Wed Dec 10 14:19:02 UTC 2025
Changes made at Wed Dec 10 16:23:34 UTC 2025
Changes made at Thu Dec 11 08:24:43 UTC 2025
Changes made at Thu Dec 11 10:20:01 UTC 2025
Changes made at Thu Dec 11 14:19:21 UTC 2025
Changes made at Thu Dec 11 16:24:50 UTC 2025
Changes made at Fri Dec 12 08:24:42 UTC 2025
Changes made at Fri Dec 12 10:18:40 UTC 2025
Changes made at Fri Dec 12 14:16:21 UTC 2025
Changes made at Fri Dec 12 16:20:29 UTC 2025
Changes made at Sat Dec 13 08:20:22 UTC 2025
Changes made at Sat Dec 13 10:15:52 UTC 2025
Changes made at Sat Dec 13 14:14:33 UTC 2025
Changes made at Sat Dec 13 16:19:28 UTC 2025
Changes made at Sun Dec 14 08:20:47 UTC 2025
Changes made at Sun Dec 14 10:16:08 UTC 2025
Changes made at Sun Dec 14 14:14:51 UTC 2025
Changes made at Sun Dec 14 16:19:11 UTC 2025
Changes made at Mon Dec 15 08:27:07 UTC 2025
Changes made at Mon Dec 15 10:21:20 UTC 2025
Changes made at Mon Dec 15 14:21:46 UTC 2025
Changes made at Mon Dec 15 16:25:14 UTC 2025
Changes made at Tue Dec 16 08:25:08 UTC 2025
Changes made at Tue Dec 16 10:20:11 UTC 2025
Changes made at Tue Dec 16 14:19:55 UTC 2025
Changes made at Tue Dec 16 16:23:40 UTC 2025
Changes made at Wed Dec 17 08:25:00 UTC 2025
Changes made at Wed Dec 17 10:19:46 UTC 2025
Changes made at Wed Dec 17 14:18:29 UTC 2025
Changes made at Wed Dec 17 16:22:31 UTC 2025
Changes made at Thu Dec 18 08:24:31 UTC 2025
Changes made at Thu Dec 18 10:18:59 UTC 2025
Changes made at Thu Dec 18 14:18:40 UTC 2025
Changes made at Thu Dec 18 16:24:28 UTC 2025
Changes made at Fri Dec 19 08:24:22 UTC 2025
Changes made at Fri Dec 19 10:18:46 UTC 2025
Changes made at Fri Dec 19 14:17:29 UTC 2025
Changes made at Fri Dec 19 16:21:19 UTC 2025
Changes made at Sat Dec 20 08:20:31 UTC 2025
Changes made at Sat Dec 20 10:16:11 UTC 2025
Changes made at Sat Dec 20 14:14:27 UTC 2025
Changes made at Sat Dec 20 16:19:24 UTC 2025
Changes made at Sun Dec 21 08:20:58 UTC 2025
Changes made at Sun Dec 21 10:16:23 UTC 2025
Changes made at Sun Dec 21 14:14:59 UTC 2025
Changes made at Sun Dec 21 16:19:03 UTC 2025
Changes made at Mon Dec 22 08:25:30 UTC 2025
Changes made at Mon Dec 22 10:18:52 UTC 2025
Changes made at Mon Dec 22 14:17:28 UTC 2025
Changes made at Mon Dec 22 16:21:07 UTC 2025
Changes made at Tue Dec 23 08:24:39 UTC 2025
Changes made at Tue Dec 23 10:19:11 UTC 2025
Changes made at Tue Dec 23 14:17:32 UTC 2025
Changes made at Tue Dec 23 16:22:07 UTC 2025
Changes made at Wed Dec 24 08:24:28 UTC 2025
Changes made at Wed Dec 24 10:18:16 UTC 2025
Changes made at Wed Dec 24 14:16:19 UTC 2025
Changes made at Wed Dec 24 16:20:47 UTC 2025
Changes made at Thu Dec 25 08:23:19 UTC 2025
Changes made at Thu Dec 25 10:18:10 UTC 2025
Changes made at Thu Dec 25 14:16:09 UTC 2025
Changes made at Thu Dec 25 16:20:49 UTC 2025
Changes made at Fri Dec 26 08:22:57 UTC 2025
Changes made at Fri Dec 26 10:17:55 UTC 2025
Changes made at Fri Dec 26 14:16:45 UTC 2025
Changes made at Fri Dec 26 16:19:23 UTC 2025
Changes made at Sat Dec 27 08:21:19 UTC 2025
Changes made at Sat Dec 27 10:16:15 UTC 2025
Changes made at Sat Dec 27 14:14:56 UTC 2025
Changes made at Sat Dec 27 16:19:36 UTC 2025
Changes made at Sun Dec 28 08:21:30 UTC 2025
Changes made at Sun Dec 28 10:16:34 UTC 2025
Changes made at Sun Dec 28 14:15:30 UTC 2025
Changes made at Sun Dec 28 16:19:48 UTC 2025
Changes made at Mon Dec 29 08:26:25 UTC 2025
Changes made at Mon Dec 29 10:19:57 UTC 2025
Changes made at Mon Dec 29 14:17:59 UTC 2025
Changes made at Mon Dec 29 16:20:51 UTC 2025
Changes made at Tue Dec 30 08:24:26 UTC 2025
Changes made at Tue Dec 30 10:19:09 UTC 2025
Changes made at Tue Dec 30 14:17:34 UTC 2025
Changes made at Tue Dec 30 16:22:04 UTC 2025
Changes made at Wed Dec 31 08:24:25 UTC 2025
Changes made at Wed Dec 31 10:18:32 UTC 2025
Changes made at Wed Dec 31 14:16:26 UTC 2025
Changes made at Wed Dec 31 16:21:11 UTC 2025
Changes made at Thu Jan  1 08:24:09 UTC 2026
Changes made at Thu Jan  1 10:18:54 UTC 2026
Changes made at Thu Jan  1 14:16:09 UTC 2026
Changes made at Thu Jan  1 16:21:26 UTC 2026
Changes made at Fri Jan  2 08:24:10 UTC 2026
Changes made at Fri Jan  2 10:17:42 UTC 2026
Changes made at Fri Jan  2 14:17:02 UTC 2026
Changes made at Fri Jan  2 16:20:34 UTC 2026
Changes made at Sat Jan  3 08:22:05 UTC 2026
Changes made at Sat Jan  3 10:16:52 UTC 2026
Changes made at Sat Jan  3 14:15:12 UTC 2026
Changes made at Sat Jan  3 16:19:42 UTC 2026
Changes made at Sun Jan  4 08:22:23 UTC 2026
Changes made at Sun Jan  4 10:17:00 UTC 2026
Changes made at Sun Jan  4 14:14:57 UTC 2026
Changes made at Sun Jan  4 16:19:26 UTC 2026
Changes made at Mon Jan  5 08:27:28 UTC 2026
Changes made at Mon Jan  5 10:20:46 UTC 2026
Changes made at Mon Jan  5 14:20:45 UTC 2026
Changes made at Mon Jan  5 16:23:16 UTC 2026
Changes made at Tue Jan  6 08:25:20 UTC 2026
Changes made at Tue Jan  6 10:19:29 UTC 2026
Changes made at Tue Jan  6 14:18:47 UTC 2026
Changes made at Tue Jan  6 16:22:57 UTC 2026
Changes made at Wed Jan  7 08:25:00 UTC 2026
Changes made at Wed Jan  7 10:20:21 UTC 2026
Changes made at Wed Jan  7 14:20:35 UTC 2026
Changes made at Wed Jan  7 16:25:16 UTC 2026
Changes made at Thu Jan  8 08:25:25 UTC 2026
Changes made at Thu Jan  8 10:20:17 UTC 2026
Changes made at Thu Jan  8 14:21:39 UTC 2026
Changes made at Thu Jan  8 16:24:33 UTC 2026
Changes made at Fri Jan  9 08:25:07 UTC 2026
Changes made at Fri Jan  9 10:18:52 UTC 2026
Changes made at Fri Jan  9 14:20:07 UTC 2026
Changes made at Fri Jan  9 16:22:11 UTC 2026
Changes made at Sat Jan 10 08:21:35 UTC 2026
Changes made at Sat Jan 10 10:17:07 UTC 2026
Changes made at Sat Jan 10 14:15:48 UTC 2026
Changes made at Sat Jan 10 16:19:23 UTC 2026
Changes made at Sun Jan 11 08:21:42 UTC 2026
Changes made at Sun Jan 11 10:17:23 UTC 2026
Changes made at Sun Jan 11 14:15:37 UTC 2026
Changes made at Sun Jan 11 16:19:28 UTC 2026
Changes made at Mon Jan 12 08:27:02 UTC 2026
Changes made at Mon Jan 12 10:21:23 UTC 2026
Changes made at Mon Jan 12 14:21:41 UTC 2026
Changes made at Mon Jan 12 16:22:52 UTC 2026
Changes made at Tue Jan 13 08:25:48 UTC 2026
Changes made at Tue Jan 13 10:20:04 UTC 2026
Changes made at Tue Jan 13 14:21:37 UTC 2026
Changes made at Tue Jan 13 16:27:03 UTC 2026
Changes made at Wed Jan 14 08:25:06 UTC 2026
Changes made at Wed Jan 14 10:20:23 UTC 2026
Changes made at Wed Jan 14 14:21:33 UTC 2026
Changes made at Wed Jan 14 16:25:14 UTC 2026
Changes made at Thu Jan 15 08:26:13 UTC 2026
Changes made at Thu Jan 15 10:20:09 UTC 2026
Changes made at Thu Jan 15 14:20:50 UTC 2026
Changes made at Thu Jan 15 16:29:51 UTC 2026
Changes made at Fri Jan 16 08:24:50 UTC 2026
Changes made at Fri Jan 16 10:19:41 UTC 2026
Changes made at Fri Jan 16 14:19:46 UTC 2026
Changes made at Fri Jan 16 16:23:23 UTC 2026
Changes made at Sat Jan 17 08:21:17 UTC 2026
Changes made at Sat Jan 17 10:17:01 UTC 2026
Changes made at Sat Jan 17 14:15:31 UTC 2026
Changes made at Sat Jan 17 16:18:38 UTC 2026
Changes made at Sun Jan 18 08:21:50 UTC 2026
Changes made at Sun Jan 18 10:17:19 UTC 2026
Changes made at Sun Jan 18 14:15:00 UTC 2026
Changes made at Sun Jan 18 16:20:09 UTC 2026
Changes made at Mon Jan 19 08:27:33 UTC 2026
Changes made at Mon Jan 19 10:24:00 UTC 2026
Changes made at Mon Jan 19 14:23:21 UTC 2026
Changes made at Mon Jan 19 16:24:00 UTC 2026
Changes made at Tue Jan 20 08:26:53 UTC 2026
Changes made at Tue Jan 20 10:23:15 UTC 2026
Changes made at Tue Jan 20 14:26:55 UTC 2026
Changes made at Tue Jan 20 16:30:01 UTC 2026
Changes made at Wed Jan 21 08:27:10 UTC 2026
Changes made at Wed Jan 21 10:23:34 UTC 2026
Changes made at Wed Jan 21 14:26:52 UTC 2026
Changes made at Wed Jan 21 16:39:30 UTC 2026
Changes made at Thu Jan 22 08:26:53 UTC 2026
Changes made at Thu Jan 22 10:23:21 UTC 2026
Changes made at Thu Jan 22 16:29:52 UTC 2026
Changes made at Fri Jan 23 08:25:03 UTC 2026
Changes made at Fri Jan 23 10:20:42 UTC 2026
Changes made at Fri Jan 23 14:21:38 UTC 2026
Changes made at Fri Jan 23 16:25:20 UTC 2026
Changes made at Sat Jan 24 08:21:44 UTC 2026
Changes made at Sat Jan 24 10:17:37 UTC 2026
Changes made at Sat Jan 24 14:16:05 UTC 2026
Changes made at Sat Jan 24 16:20:05 UTC 2026
Changes made at Sun Jan 25 08:22:45 UTC 2026
Changes made at Sun Jan 25 10:18:07 UTC 2026
Changes made at Sun Jan 25 14:15:49 UTC 2026
Changes made at Sun Jan 25 16:20:39 UTC 2026
Changes made at Mon Jan 26 08:27:28 UTC 2026
Changes made at Mon Jan 26 10:22:20 UTC 2026
Changes made at Mon Jan 26 14:24:37 UTC 2026
Changes made at Mon Jan 26 16:28:46 UTC 2026
Changes made at Tue Jan 27 08:28:04 UTC 2026
Changes made at Tue Jan 27 10:23:23 UTC 2026
Changes made at Tue Jan 27 14:25:55 UTC 2026
Changes made at Tue Jan 27 16:25:44 UTC 2026
Changes made at Wed Jan 28 08:26:45 UTC 2026
Changes made at Wed Jan 28 10:24:04 UTC 2026
Changes made at Wed Jan 28 14:25:38 UTC 2026
Changes made at Wed Jan 28 16:31:15 UTC 2026
Changes made at Thu Jan 29 08:34:08 UTC 2026
Changes made at Thu Jan 29 10:32:30 UTC 2026
Changes made at Thu Jan 29 14:35:53 UTC 2026
Changes made at Thu Jan 29 16:38:34 UTC 2026
Changes made at Fri Jan 30 08:32:40 UTC 2026
Changes made at Fri Jan 30 10:29:11 UTC 2026
Changes made at Fri Jan 30 14:32:33 UTC 2026
Changes made at Fri Jan 30 16:33:45 UTC 2026
Changes made at Sat Jan 31 08:25:13 UTC 2026
Changes made at Sat Jan 31 10:20:13 UTC 2026
Changes made at Sat Jan 31 14:20:44 UTC 2026
Changes made at Sat Jan 31 16:22:06 UTC 2026
Changes made at Sun Feb  1 08:27:36 UTC 2026
Changes made at Sun Feb  1 10:20:54 UTC 2026
Changes made at Sun Feb  1 14:21:59 UTC 2026
Changes made at Sun Feb  1 16:23:58 UTC 2026
Changes made at Mon Feb  2 08:37:41 UTC 2026
Changes made at Mon Feb  2 10:39:52 UTC 2026
Changes made at Mon Feb  2 14:38:20 UTC 2026
Changes made at Mon Feb  2 16:34:18 UTC 2026
Changes made at Tue Feb  3 08:32:13 UTC 2026
Changes made at Tue Feb  3 10:35:18 UTC 2026
Changes made at Tue Feb  3 14:40:40 UTC 2026
Changes made at Tue Feb  3 16:47:29 UTC 2026
Changes made at Wed Feb  4 08:35:59 UTC 2026
Changes made at Wed Feb  4 10:34:08 UTC 2026
Changes made at Wed Feb  4 14:38:00 UTC 2026
Changes made at Wed Feb  4 16:41:21 UTC 2026
Changes made at Thu Feb  5 08:37:50 UTC 2026
Changes made at Thu Feb  5 10:36:21 UTC 2026
Changes made at Thu Feb  5 14:40:06 UTC 2026
Changes made at Thu Feb  5 16:41:37 UTC 2026
Changes made at Fri Feb  6 08:36:31 UTC 2026
Changes made at Fri Feb  6 10:34:53 UTC 2026
Changes made at Fri Feb  6 14:36:55 UTC 2026
Changes made at Fri Feb  6 16:38:47 UTC 2026
Changes made at Sat Feb  7 08:26:27 UTC 2026
Changes made at Sat Feb  7 10:20:59 UTC 2026
Changes made at Sat Feb  7 14:21:48 UTC 2026
Changes made at Sat Feb  7 16:24:36 UTC 2026
Changes made at Sun Feb  8 08:28:13 UTC 2026
Changes made at Sun Feb  8 10:22:20 UTC 2026
Changes made at Sun Feb  8 14:23:36 UTC 2026
Changes made at Sun Feb  8 16:25:19 UTC 2026
Changes made at Mon Feb  9 08:44:33 UTC 2026
Changes made at Mon Feb  9 10:52:32 UTC 2026
Changes made at Mon Feb  9 14:47:20 UTC 2026
Changes made at Tue Feb 10 08:45:32 UTC 2026
Changes made at Tue Feb 10 10:51:09 UTC 2026
Changes made at Tue Feb 10 14:54:25 UTC 2026
Changes made at Tue Feb 10 16:58:37 UTC 2026
Changes made at Wed Feb 11 08:42:47 UTC 2026
Changes made at Wed Feb 11 10:44:34 UTC 2026
Changes made at Wed Feb 11 14:48:32 UTC 2026
Changes made at Wed Feb 11 17:00:52 UTC 2026
Changes made at Thu Feb 12 08:40:24 UTC 2026
Changes made at Thu Feb 12 10:40:45 UTC 2026
Changes made at Thu Feb 12 14:43:23 UTC 2026
Changes made at Thu Feb 12 16:53:44 UTC 2026
Changes made at Fri Feb 13 08:37:41 UTC 2026
Changes made at Fri Feb 13 10:35:26 UTC 2026
Changes made at Fri Feb 13 14:38:00 UTC 2026
Changes made at Fri Feb 13 16:40:17 UTC 2026
Changes made at Sat Feb 14 08:26:42 UTC 2026
Changes made at Sat Feb 14 10:22:27 UTC 2026
Changes made at Sat Feb 14 14:22:39 UTC 2026
Changes made at Sat Feb 14 16:23:43 UTC 2026
Changes made at Sun Feb 15 08:28:10 UTC 2026
Changes made at Sun Feb 15 14:23:08 UTC 2026
Changes made at Sun Feb 15 16:24:28 UTC 2026
Changes made at Mon Feb 16 08:41:35 UTC 2026
Changes made at Mon Feb 16 10:44:16 UTC 2026
Changes made at Mon Feb 16 14:38:10 UTC 2026
Changes made at Mon Feb 16 16:37:52 UTC 2026
Changes made at Tue Feb 17 08:39:36 UTC 2026
Changes made at Tue Feb 17 10:40:48 UTC 2026
Changes made at Tue Feb 17 14:41:12 UTC 2026
Changes made at Tue Feb 17 16:53:17 UTC 2026
Changes made at Wed Feb 18 08:39:36 UTC 2026
Changes made at Wed Feb 18 10:39:56 UTC 2026
Changes made at Wed Feb 18 14:40:07 UTC 2026
Changes made at Wed Feb 18 16:58:18 UTC 2026
Changes made at Thu Feb 19 08:38:25 UTC 2026
Changes made at Thu Feb 19 10:38:23 UTC 2026
Changes made at Thu Feb 19 14:42:42 UTC 2026
Changes made at Thu Feb 19 16:46:26 UTC 2026
Changes made at Fri Feb 20 08:35:40 UTC 2026
Changes made at Fri Feb 20 10:33:05 UTC 2026
Changes made at Fri Feb 20 14:36:41 UTC 2026
Changes made at Fri Feb 20 16:33:01 UTC 2026
Changes made at Sat Feb 21 08:25:23 UTC 2026
Changes made at Sat Feb 21 10:21:03 UTC 2026
Changes made at Sat Feb 21 14:22:08 UTC 2026
Changes made at Sat Feb 21 16:23:21 UTC 2026
Changes made at Sun Feb 22 08:27:13 UTC 2026
Changes made at Sun Feb 22 10:20:37 UTC 2026
Changes made at Sun Feb 22 14:22:04 UTC 2026
Changes made at Sun Feb 22 16:24:08 UTC 2026
Changes made at Mon Feb 23 08:43:29 UTC 2026
Changes made at Mon Feb 23 10:45:20 UTC 2026
